country,uai,mean_sentiment,mean_fear,mean_uncertainty,mean_stress,mean_fear_index,std_sentiment,std_fear,mean_volatility,mean_disagreement
Australia,51,0.11358273156342182,0.051760898989898996,0.17618753448275862,0.08667155835240274,0.14622570739229027,0.5085609700846908,0.07778593236706868,0.07875934841628959,0.002956067873303167
Brazil,76,0.032992803187803184,0.008022145133448413,0.03174787243146162,0.05890743415567218,0.04225439075248645,0.3551362960844348,0.014331381371132029,0.02148528429191234,0.034759363660430635
Canada,48,0.19051899298402747,0.024378422753921724,0.05938586337738388,0.06207011687786961,0.0723688409651888,0.47919570959973545,0.049933797267179954,0.04286886137101394,0.00043648512033123436
Chile,86,0.15138006035846074,0.08773388392857143,0.08698967689161555,0.09426453594771242,0.11375376619217081,0.5040882789427902,0.10005737069272491,0.07149106469002696,-0.1122317501172058
Mexico,82,0.0716738748380285,0.02718790821256039,0.05618346570972887,0.06740495972472925,0.07411770972596586,0.4871502603525341,0.04820874650492818,0.04509985902449064,0.022819286992240985
Taiwan,69,0.12225879487179488,0.060788999999999996,0.013976384615384614,0.06282204761904762,0.08118084523809524,0.7093983469062489,0.014139308092453933,0.066527375,0.05876910769230769
United Kingdom,35,0.15032794588235296,0.020363825000000002,0.08976966153846154,0.06907015037593985,0.08826095800653594,0.5345394732237815,0.015274462914536935,0.044060805970149254,-0.01533744
United States,46,0.07813765309143929,0.007332274223737513,0.030059458744048473,0.04847487972966079,0.03975914341199692,0.3114796511290839,0.016957783306343427,0.019862430135988023,0.02534404736334702
