,sentiment,sentiment,sentiment,fear,fear,fear,uncertainty,uncertainty,uncertainty,stress,stress,stress,gloom,gloom,gloom,fear_index,fear_index,fear_index,volatility,volatility,volatility,disagreement,disagreement,disagreement,buzz,buzz,buzz
,mean,std,count,mean,std,count,mean,std,count,mean,std,count,mean,std,count,mean,std,count,mean,std,count,mean,std,count,mean,std,count
uai_group,,,,,,,,,,,,,,,,,,,,,,,,,,,
High,0.05645766164401488,0.42371227967356434,53491,0.010641945060750132,0.023998017633426873,17037,0.038763225184896846,0.09824788981926341,25690,0.06247973491100726,0.05109404251409185,30171,0.03908886283224025,0.056834186391019975,23176,0.05567757721949624,0.09604449631783893,35665,0.02722879356256463,0.04365121290110581,23208,0.02233109151935556,0.12193809337607761,35752,1224.009489446823,2937.4244168432265,53491
Low,0.0868831555416066,0.3293574255125486,869838,0.007625510989412004,0.018180551126570802,383642,0.03136780082477802,0.07786661197931433,611316,0.04906962368035761,0.04417175124422778,655007,0.03197016646841775,0.038797766862270794,543929,0.04161397775218929,0.07984004212827095,727975,0.020551648963308033,0.03174718553255416,545678,0.02406711056096843,0.0685171881744774,696385,1061.761912333101,3493.2843885217308,869838
Medium,0.12225879487179488,0.7093983469062489,195,0.060788999999999996,0.014139308092453933,4,0.013976384615384614,0.020302046756082347,26,0.06282204761904762,0.06481003997912081,42,0.10915425000000001,0.11203486962946538,24,0.08118084523809524,0.09430714100530135,56,0.066527375,0.07987114148332926,16,0.05876910769230769,0.12400971583107448,65,26.29179487179487,45.00356955325904,195
